filename,file_size,sha256,section,validation_status
00_CONTROL/DUPLICATE_SUPERSEDED_CONFLICT_REGISTER.csv,845,49d832f9229b647ffd7fb063fb94b7de504ee9c6486e7d635058cdfb8bd7167e,POST_VOLUME_10,present
00_CONTROL/FS4000_REDUNDANCY_RECONCILIATION.csv,7370,5660f3e9df710005673fb8db8b11ede8b90b7282cb13065c838bca6cb3e98de8,POST_VOLUME_10,present
00_CONTROL/POST_VOLUME_10_ARTIFACT_REGISTER.csv,58153,efe52f7c03d12bf930c4ba92543f4dd107914408ad568ab89a7911fdc1493148,POST_VOLUME_10,present
00_CONTROL/POST_VOLUME_10_DOCUMENT_CONTROL_REGISTER.md,9181,cee4585903ac68a8b9e6235930f30f9f814e886db64fb45419af06b9f9268443,POST_VOLUME_10,present
00_CONTROL/POST_VOLUME_10_MATURITY_MATRIX.csv,12491,f66ccaeb252d08b381032307444dd710d5c797bdff9fbb1631bec0d9700c0ebd,POST_VOLUME_10,present
00_CONTROL/POST_VOLUME_10_PRODUCT_EVOLUTION.md,3928,89175eb4d76a3333c238af679859b916a08a8f2979a7b0fb636ee5c3b49f1d5e,POST_VOLUME_10,present
00_CONTROL/POST_VOLUME_10_TO_FS_MAPPING.csv,25418,0369b13b9201a3bc4cb6b3a7ce75db44ec3354866cadcf6e7f475b204915657a,POST_VOLUME_10,present
02_ONTOLOGY_AND_TRUTH_MODELS/PV10-0032_FINTECH_INSTITUTIONALIZATION_TRUTH_MODEL.md,623,191a9426caa02ec818f9fba699e77f17d0cda96eeb2a1aec442c2a79fbb89049,POST_VOLUME_10,present
02_ONTOLOGY_AND_TRUTH_MODELS/PV10-0033_INNOVATION_TO_INSTITUTION_BRIDGE.md,470,5a3a7f04e6998efc0c44d57eadb53cae86022b26af9729dc06e3e93762ae94aa,POST_VOLUME_10,present
02_ONTOLOGY_AND_TRUTH_MODELS/PV10-0034_INSTITUTION_LIFECYCLE_TRUTH_MODEL.md,447,98e6582a237caa2bd6f2fbeb1022d1b848ae386e8d1e6ce7df40c101ef892921,POST_VOLUME_10,present
02_ONTOLOGY_AND_TRUTH_MODELS/PV10-0036_PARTNERSHIP_PILOT_INVESTMENT_TRUTH_MODEL.md,417,7a4220482031c65f173f7a347e8416b6815eaedefad40434ad2b1ef00a886fd3,POST_VOLUME_10,present
03_AGENTS/PV10-0002_SCOPE_AND_NON_GOALS.md,949,c555179a5dfe26473648b21455f8b42ff676a4983c51bce02e5a44eb3d9c571d,POST_VOLUME_10,present
03_AGENTS/PV10-0041_01_PUBLIC_INSTITUTION_PROFILE.md,474,3d8108fee73d073671dc6ff9220e960b3e5e771c7144454a3f932f7bb770b1c0,POST_VOLUME_10,present
03_AGENTS/PV10-0042_02_PRIVATE_TERMINAL_ONBOARDING.md,524,2cf7389b57c415dcd7759c7523fd27c5436c8762117dc989e918c600acf2c802,POST_VOLUME_10,present
03_AGENTS/PV10-0043_03_FINTECH_QUALIFICATION.md,475,521cb99da957b88425681f13fbde0ec524afec8240db360e1b385c293117e942,POST_VOLUME_10,present
03_AGENTS/PV10-0044_04_INSTITUTION_FINTECH_MATCH.md,450,d3c3014392ac6bc246379a4a99f68558edc80fa78d291f68b02af28343f7ac83,POST_VOLUME_10,present
03_AGENTS/PV10-0045_05_PILOT_EXECUTION.md,462,24d805f77d18dffb7d647aa5ec0882814b49a0c752ebb1a5158f68f6972f7039,POST_VOLUME_10,present
03_AGENTS/PV10-0046_06_VENDOR_DUE_DILIGENCE.md,420,d60c09e9a472272f6f458ebc15269cfb33193de499676564754d93b99cfb2ecb,POST_VOLUME_10,present
03_AGENTS/PV10-0047_07_CUSO_PARTNERSHIP.md,455,e82f29076927a6b562a2007dd388580be11b99811565508635e3c14914aa0d69,POST_VOLUME_10,present
03_AGENTS/PV10-0048_08_INVESTMENT_COMMITTEE.md,438,b9fddc728d199423047c78b7041f3910fd0b54a7a2678197cd3eaebabf28ce5b,POST_VOLUME_10,present
03_AGENTS/PV10-0050_10_AURIC_PUBLICATION.md,430,3a5fa99cb78ce6f1bdb6654b0c3903e930826120b5a502dd4311b6de5d568a18,POST_VOLUME_10,present
03_AGENTS/PV10-0052_AGENT_LIBRARY_SPEC.md,485,b38ec18dd242a4e70085df9c56992d7176bbc4f7e9f50a27d6c64e7d8078b3cd,POST_VOLUME_10,present
04_WORKFLOWS/PV10-0001_MASTER_PRODUCT_AND_INTELLIGENCE_MAP.md,1567,3898ab4024de788833fc2521c664c7101e03bdd7c7aae51761c5df4f33b6ede0,POST_VOLUME_10,present
04_WORKFLOWS/PV10-0003_RFC-11000.md,985,ec6770ae154fe5196dcf29b0f13bcda6d12733d7f1b03e4c3562783b34f456ea,POST_VOLUME_10,present
04_WORKFLOWS/PV10-0016_RFC-11013.md,677,ed860f7e73c808992436c2acf3294182b68f696c59ef8388acd39f8eedb3f791,POST_VOLUME_10,present
04_WORKFLOWS/PV10-0049_09_REGULATORY_CHANGE.md,460,7e20001d04f95da8c8af2b32163bab94ca902671c8abfc15cde40a37f2316370,POST_VOLUME_10,present
04_WORKFLOWS/PV10-0051_AGENT_CATALOG.csv,3274,de29691bd343a5b5376fa91429403b8fb8fd2bffe607b499340350be3fa36c4e,POST_VOLUME_10,present
04_WORKFLOWS/PV10-0054_PROFILE_SCHEMAS.md,1312,dd27a207fa01ce0b79a0819e404845c617073e97ebfa635c200897dd3e24fa9f,POST_VOLUME_10,present
04_WORKFLOWS/PV10-0059_IMPLEMENTATION_BACKLOG.md,1016,7ded1aa34b0fb48a92313748922bf169d7fee98cddf2080a0f1f99502b4b7af0,POST_VOLUME_10,present
04_WORKFLOWS/PV10-0060_WEEK_COMPLETION_PLAN.md,1476,6d46131c1b0a455e547328b1018d967b126bd79f534788338990e377bc89e8e4,POST_VOLUME_10,present
04_WORKFLOWS/PV10-0061_MANIFEST.json,2976,8a984b1abe707fff23b0c3a104b6c8808afd8b8e9d81c97df907b3c668afd7ad,POST_VOLUME_10,present
04_WORKFLOWS/PV10-0062_README.md,1944,61115a6380e992659311885ac87f4b582518b56ab37a06e0558a8c675e03a1c3,POST_VOLUME_10,present
04_WORKFLOWS/PV10-0065__DISPATCH_OS_REMAINING_ROADMAP_1_.md,4503,8d09d131be738e6d006f0409c04c145fefbb0b6f3ed679ea14e4b26d1d34ee25,POST_VOLUME_10,present
05_DOCUMENTS_EVIDENCE_AND_KNOWLEDGE/PV10-0004_RFC-11001.md,747,680e0c7a84e772f2a90e1669ca62b43a8c7de3bd66b2629689e8ab663dabefdd,POST_VOLUME_10,present
05_DOCUMENTS_EVIDENCE_AND_KNOWLEDGE/PV10-0006_RFC-11003.md,754,14d5874da4c66139ddceee0bd37f899a535330b6cc0a7b6ca0ed801bf6298316,POST_VOLUME_10,present
05_DOCUMENTS_EVIDENCE_AND_KNOWLEDGE/PV10-0007_RFC-11004.md,693,2dcebdd5c8e924b5f9be6d134cd5695969259ca7e2af3dba86fc9486980fc873,POST_VOLUME_10,present
05_DOCUMENTS_EVIDENCE_AND_KNOWLEDGE/PV10-0012_RFC-11009.md,805,fa728335440b4539358873a238f8193845e474f43cd43c1fdfb2babc323fba78,POST_VOLUME_10,present
05_DOCUMENTS_EVIDENCE_AND_KNOWLEDGE/PV10-0013_RFC-11010.md,784,063ef5e9070f05e19227b81d56e12e493c18b2352bb37a939a2bcc5434dacd9e,POST_VOLUME_10,present
05_DOCUMENTS_EVIDENCE_AND_KNOWLEDGE/PV10-0014_RFC-11011.md,704,232fa253988319ccc722b3b667d8fad8a561697dc9a6194417bde6b6cfd0c9d7,POST_VOLUME_10,present
05_DOCUMENTS_EVIDENCE_AND_KNOWLEDGE/PV10-0038_EVIDENCE_CONFIDENCE_AND_FRESHNESS.md,552,8428ceb065fec67a6d016a3385da5323034449ef2a1e4ab6f0c352d3f5f895a6,POST_VOLUME_10,present
05_DOCUMENTS_EVIDENCE_AND_KNOWLEDGE/PV10-0039_INSTITUTIONAL_RULE_LIBRARY.md,899,e5048e7c5a5c9c3378b214c3de2cf6e29df4c9c18e01cb30864cdb4c223b9ae3,POST_VOLUME_10,present
07_EXECUTIVE_BOARD_AND_GOVERNANCE/PV10-0008_RFC-11005.md,729,fad28c1dbe870d0acbb10730264d0974e07491ec1e3780defdee784848352ead,POST_VOLUME_10,present
07_EXECUTIVE_BOARD_AND_GOVERNANCE/PV10-0009_RFC-11006.md,745,7548c87c7d7b615df8a17b3d4a611f53f4403ab4a2e884246d908a64a91928a5,POST_VOLUME_10,present
07_EXECUTIVE_BOARD_AND_GOVERNANCE/PV10-0015_RFC-11012.md,571,7ff4905f30f6c4092c98b72d3d5762cec5f2f87d06e3517a37ab5006edcd5fdf,POST_VOLUME_10,present
07_EXECUTIVE_BOARD_AND_GOVERNANCE/PV10-0018_RFC-11015.md,1114,1c208b188ab92403ef1909ac7a6a0e4426b551752d5a9ecca17e26743783cf8c,POST_VOLUME_10,present
07_EXECUTIVE_BOARD_AND_GOVERNANCE/PV10-0064_relationship_types.json,532,988c614d4c3e93ca51565a2b7d3897180ba3e5b479a9d7fa724d974cc766cfc6,POST_VOLUME_10,present
08_CONNECTORS_DATA_AND_GRAPH/PV10-0005_RFC-11002.md,802,eaf6d172aac149c4e458b14c4d048b3df38332d938f17e34387ed64485831b53,POST_VOLUME_10,present
08_CONNECTORS_DATA_AND_GRAPH/PV10-0010_RFC-11007.md,720,9854c3108c49770d5e10b49d559f4c5b6fb626a72e2e14bce8cedb6b0a02b55e,POST_VOLUME_10,present
08_CONNECTORS_DATA_AND_GRAPH/PV10-0011_RFC-11008.md,742,90ae5af6142a1a82fe266320fe2ae2fbddbe688875ada997bcb7136bcd25a877,POST_VOLUME_10,present
08_CONNECTORS_DATA_AND_GRAPH/PV10-0017_RFC-11014.md,626,c89e67a6131b3b4b0597d04e8cbf9fb10c1b3219e14a4d0aae781cf569e77c46,POST_VOLUME_10,present
08_CONNECTORS_DATA_AND_GRAPH/PV10-0040_READINESS_AND_FIT_SCORING.md,984,5117c4b72ab24f4433d64db481aedda6b0e89cdc71afb457426a94e01bc15908,POST_VOLUME_10,present
08_CONNECTORS_DATA_AND_GRAPH/PV10-0053_MARKET_GRAPH_SCHEMA.md,1159,73497e36b29fe2aca57ec51e19ab692e54413bfda1f1cb5a1f0d0674c23a9151,POST_VOLUME_10,present
08_CONNECTORS_DATA_AND_GRAPH/PV10-0055_CONNECTOR_PRIORITY_BACKLOG.md,1185,e05131383354465f0bfb14ecdea55eb135db4c23d439ec9171d9e9a89c1dfc80,POST_VOLUME_10,present
08_CONNECTORS_DATA_AND_GRAPH/PV10-0056_PUBLIC_SOURCE_MAP.md,1529,489cedf8f01dcf9cc77ef0a27a2e4becdf20506f5007b0afec6c1b2ce2059551,POST_VOLUME_10,present
08_CONNECTORS_DATA_AND_GRAPH/PV10-0057_ACCEPTANCE_TESTS.md,1083,808597ddc73e7bcd6816489f6f5daacf4adc05ab91182b03e3c2f2e515b2c44c,POST_VOLUME_10,present
08_CONNECTORS_DATA_AND_GRAPH/PV10-0058_CLAUDE_NEXT_THREAD_PROMPT.md,975,95d61844b81b2db204d423b062c2f0cdd4731d47c1b677ef58408372223d858a,POST_VOLUME_10,present
10_ORIGINAL_UNMODIFIED_SOURCES/$ DISPATCH_OS_REMAINING_ROADMAP(1).md,4503,8d09d131be738e6d006f0409c04c145fefbb0b6f3ed679ea14e4b26d1d34ee25,POST_VOLUME_10,present
10_ORIGINAL_UNMODIFIED_SOURCES/008_FINTECH_ECOSYSTEM(2).md,5016,80a63e280ab1e060523a4f968b6e89f0815ab46f3b83d1238d441dc900e8afb2,POST_VOLUME_10,present
10_ORIGINAL_UNMODIFIED_SOURCES/DISPATCH_INSTITUTIONAL_INTELLIGENCE_V1/$ DISPATCH_INSTITUTIONAL_INTELLIGENCE_V1/00_MASTER/MASTER_PRODUCT_AND_INTELLIGENCE_MAP.md,1567,3898ab4024de788833fc2521c664c7101e03bdd7c7aae51761c5df4f33b6ede0,POST_VOLUME_10,present
10_ORIGINAL_UNMODIFIED_SOURCES/DISPATCH_INSTITUTIONAL_INTELLIGENCE_V1/$ DISPATCH_INSTITUTIONAL_INTELLIGENCE_V1/00_MASTER/SCOPE_AND_NON_GOALS.md,949,c555179a5dfe26473648b21455f8b42ff676a4983c51bce02e5a44eb3d9c571d,POST_VOLUME_10,present
10_ORIGINAL_UNMODIFIED_SOURCES/DISPATCH_INSTITUTIONAL_INTELLIGENCE_V1/$ DISPATCH_INSTITUTIONAL_INTELLIGENCE_V1/01_VOLUME_XI/RFC-11000.md,985,ec6770ae154fe5196dcf29b0f13bcda6d12733d7f1b03e4c3562783b34f456ea,POST_VOLUME_10,present
10_ORIGINAL_UNMODIFIED_SOURCES/DISPATCH_INSTITUTIONAL_INTELLIGENCE_V1/$ DISPATCH_INSTITUTIONAL_INTELLIGENCE_V1/01_VOLUME_XI/RFC-11001.md,747,680e0c7a84e772f2a90e1669ca62b43a8c7de3bd66b2629689e8ab663dabefdd,POST_VOLUME_10,present
10_ORIGINAL_UNMODIFIED_SOURCES/DISPATCH_INSTITUTIONAL_INTELLIGENCE_V1/$ DISPATCH_INSTITUTIONAL_INTELLIGENCE_V1/01_VOLUME_XI/RFC-11002.md,802,eaf6d172aac149c4e458b14c4d048b3df38332d938f17e34387ed64485831b53,POST_VOLUME_10,present
10_ORIGINAL_UNMODIFIED_SOURCES/DISPATCH_INSTITUTIONAL_INTELLIGENCE_V1/$ DISPATCH_INSTITUTIONAL_INTELLIGENCE_V1/01_VOLUME_XI/RFC-11003.md,754,14d5874da4c66139ddceee0bd37f899a535330b6cc0a7b6ca0ed801bf6298316,POST_VOLUME_10,present
10_ORIGINAL_UNMODIFIED_SOURCES/DISPATCH_INSTITUTIONAL_INTELLIGENCE_V1/$ DISPATCH_INSTITUTIONAL_INTELLIGENCE_V1/01_VOLUME_XI/RFC-11004.md,693,2dcebdd5c8e924b5f9be6d134cd5695969259ca7e2af3dba86fc9486980fc873,POST_VOLUME_10,present
10_ORIGINAL_UNMODIFIED_SOURCES/DISPATCH_INSTITUTIONAL_INTELLIGENCE_V1/$ DISPATCH_INSTITUTIONAL_INTELLIGENCE_V1/01_VOLUME_XI/RFC-11005.md,729,fad28c1dbe870d0acbb10730264d0974e07491ec1e3780defdee784848352ead,POST_VOLUME_10,present
10_ORIGINAL_UNMODIFIED_SOURCES/DISPATCH_INSTITUTIONAL_INTELLIGENCE_V1/$ DISPATCH_INSTITUTIONAL_INTELLIGENCE_V1/01_VOLUME_XI/RFC-11006.md,745,7548c87c7d7b615df8a17b3d4a611f53f4403ab4a2e884246d908a64a91928a5,POST_VOLUME_10,present
10_ORIGINAL_UNMODIFIED_SOURCES/DISPATCH_INSTITUTIONAL_INTELLIGENCE_V1/$ DISPATCH_INSTITUTIONAL_INTELLIGENCE_V1/01_VOLUME_XI/RFC-11007.md,720,9854c3108c49770d5e10b49d559f4c5b6fb626a72e2e14bce8cedb6b0a02b55e,POST_VOLUME_10,present
10_ORIGINAL_UNMODIFIED_SOURCES/DISPATCH_INSTITUTIONAL_INTELLIGENCE_V1/$ DISPATCH_INSTITUTIONAL_INTELLIGENCE_V1/01_VOLUME_XI/RFC-11008.md,742,90ae5af6142a1a82fe266320fe2ae2fbddbe688875ada997bcb7136bcd25a877,POST_VOLUME_10,present
10_ORIGINAL_UNMODIFIED_SOURCES/DISPATCH_INSTITUTIONAL_INTELLIGENCE_V1/$ DISPATCH_INSTITUTIONAL_INTELLIGENCE_V1/01_VOLUME_XI/RFC-11009.md,805,fa728335440b4539358873a238f8193845e474f43cd43c1fdfb2babc323fba78,POST_VOLUME_10,present
10_ORIGINAL_UNMODIFIED_SOURCES/DISPATCH_INSTITUTIONAL_INTELLIGENCE_V1/$ DISPATCH_INSTITUTIONAL_INTELLIGENCE_V1/01_VOLUME_XI/RFC-11010.md,784,063ef5e9070f05e19227b81d56e12e493c18b2352bb37a939a2bcc5434dacd9e,POST_VOLUME_10,present
10_ORIGINAL_UNMODIFIED_SOURCES/DISPATCH_INSTITUTIONAL_INTELLIGENCE_V1/$ DISPATCH_INSTITUTIONAL_INTELLIGENCE_V1/01_VOLUME_XI/RFC-11011.md,704,232fa253988319ccc722b3b667d8fad8a561697dc9a6194417bde6b6cfd0c9d7,POST_VOLUME_10,present
10_ORIGINAL_UNMODIFIED_SOURCES/DISPATCH_INSTITUTIONAL_INTELLIGENCE_V1/$ DISPATCH_INSTITUTIONAL_INTELLIGENCE_V1/01_VOLUME_XI/RFC-11012.md,571,7ff4905f30f6c4092c98b72d3d5762cec5f2f87d06e3517a37ab5006edcd5fdf,POST_VOLUME_10,present
10_ORIGINAL_UNMODIFIED_SOURCES/DISPATCH_INSTITUTIONAL_INTELLIGENCE_V1/$ DISPATCH_INSTITUTIONAL_INTELLIGENCE_V1/01_VOLUME_XI/RFC-11013.md,677,ed860f7e73c808992436c2acf3294182b68f696c59ef8388acd39f8eedb3f791,POST_VOLUME_10,present
10_ORIGINAL_UNMODIFIED_SOURCES/DISPATCH_INSTITUTIONAL_INTELLIGENCE_V1/$ DISPATCH_INSTITUTIONAL_INTELLIGENCE_V1/01_VOLUME_XI/RFC-11014.md,626,c89e67a6131b3b4b0597d04e8cbf9fb10c1b3219e14a4d0aae781cf569e77c46,POST_VOLUME_10,present
10_ORIGINAL_UNMODIFIED_SOURCES/DISPATCH_INSTITUTIONAL_INTELLIGENCE_V1/$ DISPATCH_INSTITUTIONAL_INTELLIGENCE_V1/01_VOLUME_XI/RFC-11015.md,1114,1c208b188ab92403ef1909ac7a6a0e4426b551752d5a9ecca17e26743783cf8c,POST_VOLUME_10,present
10_ORIGINAL_UNMODIFIED_SOURCES/DISPATCH_INSTITUTIONAL_INTELLIGENCE_V1/$ DISPATCH_INSTITUTIONAL_INTELLIGENCE_V1/02_ONTOLOGY/CAPITAL_MARKETS_AND_PRIVATE_MARKETS.md,822,eff17a02e6a835b4c235884272418945843a0acc96c16336c4162ac9002c59a2,POST_VOLUME_10,present
10_ORIGINAL_UNMODIFIED_SOURCES/DISPATCH_INSTITUTIONAL_INTELLIGENCE_V1/$ DISPATCH_INSTITUTIONAL_INTELLIGENCE_V1/02_ONTOLOGY/COOPERATIVE_FINANCE_AND_CUSOS.md,614,77a2478067b58586a6db30e85de0ebf37427f87378c291f9dfb51099606d260f,POST_VOLUME_10,present
10_ORIGINAL_UNMODIFIED_SOURCES/DISPATCH_INSTITUTIONAL_INTELLIGENCE_V1/$ DISPATCH_INSTITUTIONAL_INTELLIGENCE_V1/02_ONTOLOGY/CUSTOMERS_MEMBERS_AND_RELATIONSHIPS.md,612,b4a4e385d495c47c77f848d222faee02034c64db11ff8cdc8f6754ce6b355105,POST_VOLUME_10,present
10_ORIGINAL_UNMODIFIED_SOURCES/DISPATCH_INSTITUTIONAL_INTELLIGENCE_V1/$ DISPATCH_INSTITUTIONAL_INTELLIGENCE_V1/02_ONTOLOGY/DEPOSITS_TREASURY_AND_LIQUIDITY.md,724,1d9418dcde513a0179e1cc31d37fda2ba5493385a749a5dd08d72515b9bdf15d,POST_VOLUME_10,present
10_ORIGINAL_UNMODIFIED_SOURCES/DISPATCH_INSTITUTIONAL_INTELLIGENCE_V1/$ DISPATCH_INSTITUTIONAL_INTELLIGENCE_V1/02_ONTOLOGY/FINANCE_ACCOUNTING_AND_ECONOMICS.md,648,a49ec5c94b87229a2bffb4ade3bb3aa217d57b3d1abcee7fe34122dbab3c7d2d,POST_VOLUME_10,present
10_ORIGINAL_UNMODIFIED_SOURCES/DISPATCH_INSTITUTIONAL_INTELLIGENCE_V1/$ DISPATCH_INSTITUTIONAL_INTELLIGENCE_V1/02_ONTOLOGY/FINTECH_AND_FINANCIAL_INFRASTRUCTURE.md,1357,03652cf9024b6a63424e0ac3141e1f0f98a3c1c8ff4ac5ce706c64c4cc6c53d2,POST_VOLUME_10,present
10_ORIGINAL_UNMODIFIED_SOURCES/DISPATCH_INSTITUTIONAL_INTELLIGENCE_V1/$ DISPATCH_INSTITUTIONAL_INTELLIGENCE_V1/02_ONTOLOGY/INNOVATION_PROCUREMENT_AND_ADOPTION.md,779,b6990f6772da90daab0141957f10b4a581c9e0183981b648d9adfb9acb5170f7,POST_VOLUME_10,present
10_ORIGINAL_UNMODIFIED_SOURCES/DISPATCH_INSTITUTIONAL_INTELLIGENCE_V1/$ DISPATCH_INSTITUTIONAL_INTELLIGENCE_V1/02_ONTOLOGY/INSTITUTIONS_AND_GOVERNANCE.md,1233,76f13a0bd04e8362545cef5ee945ee9e992e899fd3b95c87e8db1b073a103757,POST_VOLUME_10,present
10_ORIGINAL_UNMODIFIED_SOURCES/DISPATCH_INSTITUTIONAL_INTELLIGENCE_V1/$ DISPATCH_INSTITUTIONAL_INTELLIGENCE_V1/02_ONTOLOGY/LENDING_CREDIT_AND_SERVICING.md,935,2851a48ee0f5c40f5ed8192d32e9d5e8c0921bc44803fb620f00f9cccf4af3ef,POST_VOLUME_10,present
10_ORIGINAL_UNMODIFIED_SOURCES/DISPATCH_INSTITUTIONAL_INTELLIGENCE_V1/$ DISPATCH_INSTITUTIONAL_INTELLIGENCE_V1/02_ONTOLOGY/OPERATIONS_TECHNOLOGY_AND_DATA.md,586,86e2271d16ed1876f5bf54f7f0243a4bbb3858d94189f5eb8d7f34eb38adfbb0,POST_VOLUME_10,present
10_ORIGINAL_UNMODIFIED_SOURCES/DISPATCH_INSTITUTIONAL_INTELLIGENCE_V1/$ DISPATCH_INSTITUTIONAL_INTELLIGENCE_V1/02_ONTOLOGY/PAYMENTS_CARDS_AND_MONEY_MOVEMENT.md,764,22f1f5d86e9396c2c9464cfdd5406114752dbd092e91e088c471450c4ce5cf89,POST_VOLUME_10,present
10_ORIGINAL_UNMODIFIED_SOURCES/DISPATCH_INSTITUTIONAL_INTELLIGENCE_V1/$ DISPATCH_INSTITUTIONAL_INTELLIGENCE_V1/02_ONTOLOGY/RISK_COMPLIANCE_AND_REGULATION.md,802,ef0b69fb27224f15c7ec10e5329872593ab258bf9b0eb90081083ab17be0c2fb,POST_VOLUME_10,present
10_ORIGINAL_UNMODIFIED_SOURCES/DISPATCH_INSTITUTIONAL_INTELLIGENCE_V1/$ DISPATCH_INSTITUTIONAL_INTELLIGENCE_V1/02_ONTOLOGY/WEALTH_BROKERAGE_TRUST_AND_INSURANCE.md,692,4cce591725de1fe1173e1ac557ca300863d5c68f5f05d544af8ddb772e5187db,POST_VOLUME_10,present
10_ORIGINAL_UNMODIFIED_SOURCES/DISPATCH_INSTITUTIONAL_INTELLIGENCE_V1/$ DISPATCH_INSTITUTIONAL_INTELLIGENCE_V1/03_TRUTH_MODELS/FINTECH_INSTITUTIONALIZATION_TRUTH_MODEL.md,623,191a9426caa02ec818f9fba699e77f17d0cda96eeb2a1aec442c2a79fbb89049,POST_VOLUME_10,present
10_ORIGINAL_UNMODIFIED_SOURCES/DISPATCH_INSTITUTIONAL_INTELLIGENCE_V1/$ DISPATCH_INSTITUTIONAL_INTELLIGENCE_V1/03_TRUTH_MODELS/INNOVATION_TO_INSTITUTION_BRIDGE.md,470,5a3a7f04e6998efc0c44d57eadb53cae86022b26af9729dc06e3e93762ae94aa,POST_VOLUME_10,present
10_ORIGINAL_UNMODIFIED_SOURCES/DISPATCH_INSTITUTIONAL_INTELLIGENCE_V1/$ DISPATCH_INSTITUTIONAL_INTELLIGENCE_V1/03_TRUTH_MODELS/INSTITUTION_LIFECYCLE_TRUTH_MODEL.md,447,98e6582a237caa2bd6f2fbeb1022d1b848ae386e8d1e6ce7df40c101ef892921,POST_VOLUME_10,present
10_ORIGINAL_UNMODIFIED_SOURCES/DISPATCH_INSTITUTIONAL_INTELLIGENCE_V1/$ DISPATCH_INSTITUTIONAL_INTELLIGENCE_V1/03_TRUTH_MODELS/LENDING_CREDIT_TRUTH_MODEL.md,467,f4ecdf64f13dc24c4a2a9bb52ca93312109925990e7c358ed97fa37cce50e35c,POST_VOLUME_10,present
10_ORIGINAL_UNMODIFIED_SOURCES/DISPATCH_INSTITUTIONAL_INTELLIGENCE_V1/$ DISPATCH_INSTITUTIONAL_INTELLIGENCE_V1/03_TRUTH_MODELS/PARTNERSHIP_PILOT_INVESTMENT_TRUTH_MODEL.md,417,7a4220482031c65f173f7a347e8416b6815eaedefad40434ad2b1ef00a886fd3,POST_VOLUME_10,present
10_ORIGINAL_UNMODIFIED_SOURCES/DISPATCH_INSTITUTIONAL_INTELLIGENCE_V1/$ DISPATCH_INSTITUTIONAL_INTELLIGENCE_V1/03_TRUTH_MODELS/REGULATORY_INTELLIGENCE_TRUTH_MODEL.md,466,8a7ba902e24eaff975e99458810702fe4befc85450114fb01766804478cc034f,POST_VOLUME_10,present
10_ORIGINAL_UNMODIFIED_SOURCES/DISPATCH_INSTITUTIONAL_INTELLIGENCE_V1/$ DISPATCH_INSTITUTIONAL_INTELLIGENCE_V1/04_RULES/EVIDENCE_CONFIDENCE_AND_FRESHNESS.md,552,8428ceb065fec67a6d016a3385da5323034449ef2a1e4ab6f0c352d3f5f895a6,POST_VOLUME_10,present
10_ORIGINAL_UNMODIFIED_SOURCES/DISPATCH_INSTITUTIONAL_INTELLIGENCE_V1/$ DISPATCH_INSTITUTIONAL_INTELLIGENCE_V1/04_RULES/INSTITUTIONAL_RULE_LIBRARY.md,899,e5048e7c5a5c9c3378b214c3de2cf6e29df4c9c18e01cb30864cdb4c223b9ae3,POST_VOLUME_10,present
10_ORIGINAL_UNMODIFIED_SOURCES/DISPATCH_INSTITUTIONAL_INTELLIGENCE_V1/$ DISPATCH_INSTITUTIONAL_INTELLIGENCE_V1/04_RULES/READINESS_AND_FIT_SCORING.md,984,5117c4b72ab24f4433d64db481aedda6b0e89cdc71afb457426a94e01bc15908,POST_VOLUME_10,present
10_ORIGINAL_UNMODIFIED_SOURCES/DISPATCH_INSTITUTIONAL_INTELLIGENCE_V1/$ DISPATCH_INSTITUTIONAL_INTELLIGENCE_V1/05_WORKFLOWS/01_PUBLIC_INSTITUTION_PROFILE.md,474,3d8108fee73d073671dc6ff9220e960b3e5e771c7144454a3f932f7bb770b1c0,POST_VOLUME_10,present
10_ORIGINAL_UNMODIFIED_SOURCES/DISPATCH_INSTITUTIONAL_INTELLIGENCE_V1/$ DISPATCH_INSTITUTIONAL_INTELLIGENCE_V1/05_WORKFLOWS/02_PRIVATE_TERMINAL_ONBOARDING.md,524,2cf7389b57c415dcd7759c7523fd27c5436c8762117dc989e918c600acf2c802,POST_VOLUME_10,present
10_ORIGINAL_UNMODIFIED_SOURCES/DISPATCH_INSTITUTIONAL_INTELLIGENCE_V1/$ DISPATCH_INSTITUTIONAL_INTELLIGENCE_V1/05_WORKFLOWS/03_FINTECH_QUALIFICATION.md,475,521cb99da957b88425681f13fbde0ec524afec8240db360e1b385c293117e942,POST_VOLUME_10,present
10_ORIGINAL_UNMODIFIED_SOURCES/DISPATCH_INSTITUTIONAL_INTELLIGENCE_V1/$ DISPATCH_INSTITUTIONAL_INTELLIGENCE_V1/05_WORKFLOWS/04_INSTITUTION_FINTECH_MATCH.md,450,d3c3014392ac6bc246379a4a99f68558edc80fa78d291f68b02af28343f7ac83,POST_VOLUME_10,present
10_ORIGINAL_UNMODIFIED_SOURCES/DISPATCH_INSTITUTIONAL_INTELLIGENCE_V1/$ DISPATCH_INSTITUTIONAL_INTELLIGENCE_V1/05_WORKFLOWS/05_PILOT_EXECUTION.md,462,24d805f77d18dffb7d647aa5ec0882814b49a0c752ebb1a5158f68f6972f7039,POST_VOLUME_10,present
10_ORIGINAL_UNMODIFIED_SOURCES/DISPATCH_INSTITUTIONAL_INTELLIGENCE_V1/$ DISPATCH_INSTITUTIONAL_INTELLIGENCE_V1/05_WORKFLOWS/06_VENDOR_DUE_DILIGENCE.md,420,d60c09e9a472272f6f458ebc15269cfb33193de499676564754d93b99cfb2ecb,POST_VOLUME_10,present
10_ORIGINAL_UNMODIFIED_SOURCES/DISPATCH_INSTITUTIONAL_INTELLIGENCE_V1/$ DISPATCH_INSTITUTIONAL_INTELLIGENCE_V1/05_WORKFLOWS/07_CUSO_PARTNERSHIP.md,455,e82f29076927a6b562a2007dd388580be11b99811565508635e3c14914aa0d69,POST_VOLUME_10,present
10_ORIGINAL_UNMODIFIED_SOURCES/DISPATCH_INSTITUTIONAL_INTELLIGENCE_V1/$ DISPATCH_INSTITUTIONAL_INTELLIGENCE_V1/05_WORKFLOWS/08_INVESTMENT_COMMITTEE.md,438,b9fddc728d199423047c78b7041f3910fd0b54a7a2678197cd3eaebabf28ce5b,POST_VOLUME_10,present
10_ORIGINAL_UNMODIFIED_SOURCES/DISPATCH_INSTITUTIONAL_INTELLIGENCE_V1/$ DISPATCH_INSTITUTIONAL_INTELLIGENCE_V1/05_WORKFLOWS/09_REGULATORY_CHANGE.md,460,7e20001d04f95da8c8af2b32163bab94ca902671c8abfc15cde40a37f2316370,POST_VOLUME_10,present
10_ORIGINAL_UNMODIFIED_SOURCES/DISPATCH_INSTITUTIONAL_INTELLIGENCE_V1/$ DISPATCH_INSTITUTIONAL_INTELLIGENCE_V1/05_WORKFLOWS/10_AURIC_PUBLICATION.md,430,3a5fa99cb78ce6f1bdb6654b0c3903e930826120b5a502dd4311b6de5d568a18,POST_VOLUME_10,present
10_ORIGINAL_UNMODIFIED_SOURCES/DISPATCH_INSTITUTIONAL_INTELLIGENCE_V1/$ DISPATCH_INSTITUTIONAL_INTELLIGENCE_V1/06_AGENTS/AGENT_CATALOG.csv,3299,346fa84faebd901d56b7d3ecb46592b152385088dd1ec8f20ca8e0ab89d7a26b,POST_VOLUME_10,present
10_ORIGINAL_UNMODIFIED_SOURCES/DISPATCH_INSTITUTIONAL_INTELLIGENCE_V1/$ DISPATCH_INSTITUTIONAL_INTELLIGENCE_V1/06_AGENTS/AGENT_LIBRARY_SPEC.md,485,b38ec18dd242a4e70085df9c56992d7176bbc4f7e9f50a27d6c64e7d8078b3cd,POST_VOLUME_10,present
10_ORIGINAL_UNMODIFIED_SOURCES/DISPATCH_INSTITUTIONAL_INTELLIGENCE_V1/$ DISPATCH_INSTITUTIONAL_INTELLIGENCE_V1/07_PROFILES_GRAPH/MARKET_GRAPH_SCHEMA.md,1159,73497e36b29fe2aca57ec51e19ab692e54413bfda1f1cb5a1f0d0674c23a9151,POST_VOLUME_10,present
10_ORIGINAL_UNMODIFIED_SOURCES/DISPATCH_INSTITUTIONAL_INTELLIGENCE_V1/$ DISPATCH_INSTITUTIONAL_INTELLIGENCE_V1/07_PROFILES_GRAPH/PROFILE_SCHEMAS.md,1312,dd27a207fa01ce0b79a0819e404845c617073e97ebfa635c200897dd3e24fa9f,POST_VOLUME_10,present
10_ORIGINAL_UNMODIFIED_SOURCES/DISPATCH_INSTITUTIONAL_INTELLIGENCE_V1/$ DISPATCH_INSTITUTIONAL_INTELLIGENCE_V1/08_SOURCES_CONNECTORS/CONNECTOR_PRIORITY_BACKLOG.md,1185,e05131383354465f0bfb14ecdea55eb135db4c23d439ec9171d9e9a89c1dfc80,POST_VOLUME_10,present
10_ORIGINAL_UNMODIFIED_SOURCES/DISPATCH_INSTITUTIONAL_INTELLIGENCE_V1/$ DISPATCH_INSTITUTIONAL_INTELLIGENCE_V1/08_SOURCES_CONNECTORS/PUBLIC_SOURCE_MAP.md,1529,489cedf8f01dcf9cc77ef0a27a2e4becdf20506f5007b0afec6c1b2ce2059551,POST_VOLUME_10,present
10_ORIGINAL_UNMODIFIED_SOURCES/DISPATCH_INSTITUTIONAL_INTELLIGENCE_V1/$ DISPATCH_INSTITUTIONAL_INTELLIGENCE_V1/09_BUILD_HANDOFF/ACCEPTANCE_TESTS.md,1083,808597ddc73e7bcd6816489f6f5daacf4adc05ab91182b03e3c2f2e515b2c44c,POST_VOLUME_10,present
10_ORIGINAL_UNMODIFIED_SOURCES/DISPATCH_INSTITUTIONAL_INTELLIGENCE_V1/$ DISPATCH_INSTITUTIONAL_INTELLIGENCE_V1/09_BUILD_HANDOFF/CLAUDE_NEXT_THREAD_PROMPT.md,975,95d61844b81b2db204d423b062c2f0cdd4731d47c1b677ef58408372223d858a,POST_VOLUME_10,present
10_ORIGINAL_UNMODIFIED_SOURCES/DISPATCH_INSTITUTIONAL_INTELLIGENCE_V1/$ DISPATCH_INSTITUTIONAL_INTELLIGENCE_V1/09_BUILD_HANDOFF/IMPLEMENTATION_BACKLOG.md,1016,7ded1aa34b0fb48a92313748922bf169d7fee98cddf2080a0f1f99502b4b7af0,POST_VOLUME_10,present
10_ORIGINAL_UNMODIFIED_SOURCES/DISPATCH_INSTITUTIONAL_INTELLIGENCE_V1/$ DISPATCH_INSTITUTIONAL_INTELLIGENCE_V1/09_BUILD_HANDOFF/WEEK_COMPLETION_PLAN.md,1476,6d46131c1b0a455e547328b1018d967b126bd79f534788338990e377bc89e8e4,POST_VOLUME_10,present
10_ORIGINAL_UNMODIFIED_SOURCES/DISPATCH_INSTITUTIONAL_INTELLIGENCE_V1/$ DISPATCH_INSTITUTIONAL_INTELLIGENCE_V1/MANIFEST.json,2976,8a984b1abe707fff23b0c3a104b6c8808afd8b8e9d81c97df907b3c668afd7ad,POST_VOLUME_10,present
10_ORIGINAL_UNMODIFIED_SOURCES/DISPATCH_INSTITUTIONAL_INTELLIGENCE_V1/$ DISPATCH_INSTITUTIONAL_INTELLIGENCE_V1/README.md,1944,61115a6380e992659311885ac87f4b582518b56ab37a06e0558a8c675e03a1c3,POST_VOLUME_10,present
10_ORIGINAL_UNMODIFIED_SOURCES/DISPATCH_INSTITUTIONAL_INTELLIGENCE_V1/$ DISPATCH_INSTITUTIONAL_INTELLIGENCE_V1/data/domain_registry.json,2533,9a61ca5f7c4733fbcdb2727243e90e76da644f66fbab516a82cae1a6eba98145,POST_VOLUME_10,present
10_ORIGINAL_UNMODIFIED_SOURCES/DISPATCH_INSTITUTIONAL_INTELLIGENCE_V1/$ DISPATCH_INSTITUTIONAL_INTELLIGENCE_V1/data/relationship_types.json,532,988c614d4c3e93ca51565a2b7d3897180ba3e5b479a9d7fa724d974cc766cfc6,POST_VOLUME_10,present
10_ORIGINAL_UNMODIFIED_SOURCES/fintech venture vendor side (1)(1).md,192748,f55d09c2d080313b8aaf392ebb7750c6c0de1a379bca9a1a371b1664f25b67a4,POST_VOLUME_10,present
README.md,649,ed67fa427202c4678bf08f1bf5d56b6bd8e6c7adf30a4ba940f166f9afcb2bc2,POST_VOLUME_10,present
